0.000000000000000000e+00,0.000000000000000000e+00,1.000000000000000000e+00,1.129786905949003994e-04,5.306799266691086814e-06,9.998816251754760742e-01
0.000000000000000000e+00,1.000000000000000000e+00,0.000000000000000000e+00,7.350399391725659370e-04,9.990272521972656250e-01,2.377653290750458837e-04
1.000000000000000000e+00,0.000000000000000000e+00,0.000000000000000000e+00,9.984261989593505859e-01,7.547761779278516769e-04,8.190029766410589218e-04
0.000000000000000000e+00,0.000000000000000000e+00,1.000000000000000000e+00,5.409198783334900895e-11,4.671108388976108472e-09,1.000000000000000000e+00
0.000000000000000000e+00,1.000000000000000000e+00,0.000000000000000000e+00,4.710886787506751716e-05,2.275239825248718262e-01,7.724289298057556152e-01
0.000000000000000000e+00,0.000000000000000000e+00,1.000000000000000000e+00,1.255053666682215407e-05,9.970749616622924805e-01,2.912433817982673645e-03
0.000000000000000000e+00,1.000000000000000000e+00,0.000000000000000000e+00,1.972663632443527604e-08,9.999988079071044922e-01,1.146415456787508447e-06
0.000000000000000000e+00,1.000000000000000000e+00,0.000000000000000000e+00,8.937040547607466578e-07,9.921929240226745605e-01,7.806162815541028976e-03
1.000000000000000000e+00,0.000000000000000000e+00,0.000000000000000000e+00,9.998590946197509766e-01,8.673121243418790982e-08,1.407309318892657757e-04
0.000000000000000000e+00,1.000000000000000000e+00,0.000000000000000000e+00,4.127635833128806553e-08,9.996048808097839355e-01,3.951312100980430841e-04
0.000000000000000000e+00,1.000000000000000000e+00,0.000000000000000000e+00,2.829977918672454962e-10,9.999984502792358398e-01,1.603476107447932009e-06
0.000000000000000000e+00,0.000000000000000000e+00,1.000000000000000000e+00,6.499080427602166310e-06,1.150773605331778526e-03,9.988425970077514648e-01
1.000000000000000000e+00,0.000000000000000000e+00,0.000000000000000000e+00,1.000000000000000000e+00,5.022851023994689967e-09,1.557057593970512244e-09
0.000000000000000000e+00,1.000000000000000000e+00,0.000000000000000000e+00,2.033584109994990285e-07,9.909930825233459473e-01,9.006686508655548096e-03
0.000000000000000000e+00,0.000000000000000000e+00,1.000000000000000000e+00,2.614578534121392295e-06,9.979827404022216797e-01,2.014597412198781967e-03
0.000000000000000000e+00,1.000000000000000000e+00,0.000000000000000000e+00,8.729607259283511667e-09,9.953832030296325684e-01,4.616716410964727402e-03
1.000000000000000000e+00,0.000000000000000000e+00,0.000000000000000000e+00,9.999344348907470703e-01,2.647941421685118257e-08,6.551097612828016281e-05
1.000000000000000000e+00,0.000000000000000000e+00,0.000000000000000000e+00,9.999973773956298828e-01,1.669164817030832637e-06,1.006779712042771280e-06
1.000000000000000000e+00,0.000000000000000000e+00,0.000000000000000000e+00,9.999965429306030273e-01,1.660296611305511760e-08,3.485464048935682513e-06
0.000000000000000000e+00,1.000000000000000000e+00,0.000000000000000000e+00,2.332335861865431070e-05,9.993569254875183105e-01,6.197642069309949875e-04
0.000000000000000000e+00,1.000000000000000000e+00,0.000000000000000000e+00,6.240460947992687579e-07,9.999982118606567383e-01,1.134339868258393835e-06
0.000000000000000000e+00,1.000000000000000000e+00,0.000000000000000000e+00,1.460725470678880811e-04,9.997591376304626465e-01,9.475327533436939120e-05
0.000000000000000000e+00,1.000000000000000000e+00,0.000000000000000000e+00,5.026028156862594187e-05,9.999265670776367188e-01,2.317185681022237986e-05
0.000000000000000000e+00,0.000000000000000000e+00,1.000000000000000000e+00,5.104422452859580517e-04,3.102909028530120850e-01,6.891986131668090820e-01
1.000000000000000000e+00,0.000000000000000000e+00,0.000000000000000000e+00,9.999994039535522461e-01,5.349420462152920663e-07,6.993143131239776267e-08
0.000000000000000000e+00,0.000000000000000000e+00,1.000000000000000000e+00,1.844190410338342190e-05,7.849994432262974442e-08,9.999814033508300781e-01
0.000000000000000000e+00,1.000000000000000000e+00,0.000000000000000000e+00,5.505735316546633840e-07,9.999890327453613281e-01,1.039081962517229840e-05
0.000000000000000000e+00,1.000000000000000000e+00,0.000000000000000000e+00,1.515332769486121833e-05,9.652571678161621094e-01,3.472770750522613525e-02
0.000000000000000000e+00,1.000000000000000000e+00,0.000000000000000000e+00,1.396198868325315701e-11,9.999997615814208984e-01,2.867652142413135152e-07
0.000000000000000000e+00,0.000000000000000000e+00,1.000000000000000000e+00,6.597179453819990158e-04,1.112257450586184859e-05,9.993292093276977539e-01
1.000000000000000000e+00,0.000000000000000000e+00,0.000000000000000000e+00,1.000000000000000000e+00,1.264503279863049556e-09,2.445948998897051752e-09
1.000000000000000000e+00,0.000000000000000000e+00,0.000000000000000000e+00,2.097873538732528687e-01,3.430924834901816212e-06,7.902092933654785156e-01
0.000000000000000000e+00,0.000000000000000000e+00,1.000000000000000000e+00,2.091633859890862368e-06,2.364760803175158799e-06,9.999954700469970703e-01
0.000000000000000000e+00,0.000000000000000000e+00,1.000000000000000000e+00,3.241583712565443420e-08,1.362804823656915687e-06,9.999986886978149414e-01
0.000000000000000000e+00,1.000000000000000000e+00,0.000000000000000000e+00,3.462518805008585332e-07,9.999992847442626953e-01,3.796147325374477077e-07
0.000000000000000000e+00,0.000000000000000000e+00,1.000000000000000000e+00,2.804749459028244019e-02,3.095612116158008575e-02,9.409964680671691895e-01
0.000000000000000000e+00,0.000000000000000000e+00,1.000000000000000000e+00,7.825309038162231445e-02,9.179595112800598145e-01,3.787415800616145134e-03
0.000000000000000000e+00,1.000000000000000000e+00,0.000000000000000000e+00,1.785865460988134146e-04,9.782685637474060059e-01,2.155283093452453613e-02
0.000000000000000000e+00,1.000000000000000000e+00,0.000000000000000000e+00,8.170594014700327534e-07,9.999802112579345703e-01,1.894817614811472595e-05
0.000000000000000000e+00,1.000000000000000000e+00,0.000000000000000000e+00,7.099784852471202612e-05,9.999153614044189453e-01,1.368381708743982017e-05
0.000000000000000000e+00,1.000000000000000000e+00,0.000000000000000000e+00,6.667811476290808059e-07,8.961355090141296387e-01,1.038638204336166382e-01
0.000000000000000000e+00,1.000000000000000000e+00,0.000000000000000000e+00,6.025300791634435882e-08,9.991483688354492188e-01,8.515281951986253262e-04
0.000000000000000000e+00,1.000000000000000000e+00,0.000000000000000000e+00,1.479819218275224557e-07,9.999966621398925781e-01,3.194165174136287533e-06
0.000000000000000000e+00,1.000000000000000000e+00,0.000000000000000000e+00,2.422376610411447473e-06,9.983314871788024902e-01,1.666139694862067699e-03
0.000000000000000000e+00,1.000000000000000000e+00,0.000000000000000000e+00,2.480188186382292770e-06,9.998558759689331055e-01,1.415669685229659081e-04
0.000000000000000000e+00,1.000000000000000000e+00,0.000000000000000000e+00,3.324133190929501325e-09,9.999996423721313477e-01,3.166460658121650340e-07
0.000000000000000000e+00,0.000000000000000000e+00,1.000000000000000000e+00,2.027531415224075317e-01,1.379684731364250183e-02,7.834499478340148926e-01
0.000000000000000000e+00,1.000000000000000000e+00,0.000000000000000000e+00,5.178197071131762641e-08,9.998076558113098145e-01,1.923180680023506284e-04
0.000000000000000000e+00,1.000000000000000000e+00,0.000000000000000000e+00,6.337413704926575519e-09,9.999978542327880859e-01,2.186913661716971546e-06
0.000000000000000000e+00,0.000000000000000000e+00,1.000000000000000000e+00,1.888693191176571418e-06,8.343042168235115241e-07,9.999972581863403320e-01
0.000000000000000000e+00,1.000000000000000000e+00,0.000000000000000000e+00,2.020011606873595156e-06,9.999173879623413086e-01,8.062701090238988400e-05
0.000000000000000000e+00,0.000000000000000000e+00,1.000000000000000000e+00,4.046006552016478963e-08,1.350681995972990990e-03,9.986492991447448730e-01
0.000000000000000000e+00,0.000000000000000000e+00,1.000000000000000000e+00,1.357401139102876186e-03,7.821334600448608398e-01,2.165091037750244141e-01
0.000000000000000000e+00,1.000000000000000000e+00,0.000000000000000000e+00,1.655929698918257031e-10,9.998358488082885742e-01,1.641051640035584569e-04
0.000000000000000000e+00,1.000000000000000000e+00,0.000000000000000000e+00,5.566626205109059811e-04,3.942293405998498201e-04,9.990491271018981934e-01
1.000000000000000000e+00,0.000000000000000000e+00,0.000000000000000000e+00,9.999989271163940430e-01,1.145219670206643059e-07,1.009267293738957960e-06
0.000000000000000000e+00,0.000000000000000000e+00,1.000000000000000000e+00,1.191299475067353342e-06,3.719044116223813035e-06,9.999951124191284180e-01
1.000000000000000000e+00,0.000000000000000000e+00,0.000000000000000000e+00,7.706309556961059570e-01,8.356061152881011367e-05,2.292854487895965576e-01
1.000000000000000000e+00,0.000000000000000000e+00,0.000000000000000000e+00,9.999998807907104492e-01,1.310835606727067670e-10,1.104478144497988978e-07
0.000000000000000000e+00,1.000000000000000000e+00,0.000000000000000000e+00,2.405230645763367647e-07,9.999752044677734375e-01,2.452475564496126026e-05
0.000000000000000000e+00,1.000000000000000000e+00,0.000000000000000000e+00,6.561106602021027356e-06,9.999920129776000977e-01,1.426228209311375394e-06
1.000000000000000000e+00,0.000000000000000000e+00,0.000000000000000000e+00,9.955474138259887695e-01,4.097621422260999680e-03,3.549382672645151615e-04
0.000000000000000000e+00,0.000000000000000000e+00,1.000000000000000000e+00,2.926571760326623917e-03,2.855585535144200549e-06,9.970705509185791016e-01
0.000000000000000000e+00,0.000000000000000000e+00,1.000000000000000000e+00,3.677077591419219971e-03,7.521376013755798340e-02,9.211091995239257812e-01
0.000000000000000000e+00,0.000000000000000000e+00,1.000000000000000000e+00,4.661887320622781772e-09,2.504472462749873785e-10,1.000000000000000000e+00
0.000000000000000000e+00,1.000000000000000000e+00,0.000000000000000000e+00,4.384134081192314625e-05,9.999558925628662109e-01,2.107781682525455835e-07
0.000000000000000000e+00,1.000000000000000000e+00,0.000000000000000000e+00,2.832293830579146743e-06,9.999827146530151367e-01,1.448914281354518607e-05
0.000000000000000000e+00,0.000000000000000000e+00,1.000000000000000000e+00,4.279979481935924923e-09,2.258600945159727758e-10,1.000000000000000000e+00
0.000000000000000000e+00,0.000000000000000000e+00,1.000000000000000000e+00,8.856896466236108267e-11,1.546123229445584002e-08,1.000000000000000000e+00
0.000000000000000000e+00,0.000000000000000000e+00,1.000000000000000000e+00,3.677977701954660006e-06,2.655690423125633970e-07,9.999960660934448242e-01
0.000000000000000000e+00,1.000000000000000000e+00,0.000000000000000000e+00,1.082092779824961326e-07,9.999800920486450195e-01,1.977410101972054690e-05
1.000000000000000000e+00,0.000000000000000000e+00,0.000000000000000000e+00,9.999010562896728516e-01,7.073720809103178908e-08,9.879728168016299605e-05
0.000000000000000000e+00,1.000000000000000000e+00,0.000000000000000000e+00,1.543607822895864956e-06,7.847806811332702637e-01,2.152177542448043823e-01
0.000000000000000000e+00,1.000000000000000000e+00,0.000000000000000000e+00,3.721212968230247498e-03,5.765770673751831055e-01,4.197016954421997070e-01
0.000000000000000000e+00,0.000000000000000000e+00,1.000000000000000000e+00,9.697382097328954842e-08,3.602463038987480104e-08,9.999998807907104492e-01
0.000000000000000000e+00,1.000000000000000000e+00,0.000000000000000000e+00,5.788676649132185048e-09,9.999992847442626953e-01,7.286577101695002057e-07
1.000000000000000000e+00,0.000000000000000000e+00,0.000000000000000000e+00,9.999724626541137695e-01,8.167029591277241707e-06,1.928858728206250817e-05
1.000000000000000000e+00,0.000000000000000000e+00,0.000000000000000000e+00,9.977830052375793457e-01,1.888321712613105774e-03,3.286213323008269072e-04
1.000000000000000000e+00,0.000000000000000000e+00,0.000000000000000000e+00,9.999979734420776367e-01,1.941399204952176660e-06,6.311530853508884320e-08
0.000000000000000000e+00,1.000000000000000000e+00,0.000000000000000000e+00,4.440119105719730896e-10,9.999827146530151367e-01,1.730624171614181250e-05
0.000000000000000000e+00,0.000000000000000000e+00,1.000000000000000000e+00,1.410315962857566774e-05,9.980139732360839844e-01,1.971872290596365929e-03
0.000000000000000000e+00,1.000000000000000000e+00,0.000000000000000000e+00,5.359229770032780671e-13,9.999996423721313477e-01,4.159940658610139508e-07
0.000000000000000000e+00,1.000000000000000000e+00,0.000000000000000000e+00,5.710002071168673865e-08,9.999825954437255859e-01,1.740631341817788780e-05
1.000000000000000000e+00,0.000000000000000000e+00,0.000000000000000000e+00,9.999997615814208984e-01,1.936941060876051779e-07,3.415877802837030686e-09
0.000000000000000000e+00,1.000000000000000000e+00,0.000000000000000000e+00,1.992107279136234865e-08,9.999995231628417969e-01,4.713398027433868265e-07
0.000000000000000000e+00,1.000000000000000000e+00,0.000000000000000000e+00,1.257716912388129327e-12,9.999989271163940430e-01,1.032815134749398567e-06
0.000000000000000000e+00,0.000000000000000000e+00,1.000000000000000000e+00,4.417299237502447795e-07,9.999945163726806641e-01,5.026113285566680133e-06
1.000000000000000000e+00,0.000000000000000000e+00,0.000000000000000000e+00,9.999295473098754883e-01,3.568338070181198418e-05,3.478816506685689092e-05
1.000000000000000000e+00,0.000000000000000000e+00,0.000000000000000000e+00,1.000000000000000000e+00,8.848207539921548737e-13,3.284841287864992410e-10
0.000000000000000000e+00,1.000000000000000000e+00,0.000000000000000000e+00,7.127706869169969650e-09,9.999533891677856445e-01,4.662977880798280239e-05
0.000000000000000000e+00,0.000000000000000000e+00,1.000000000000000000e+00,7.538005206697562244e-07,9.997404217720031738e-01,2.587765629868954420e-04
0.000000000000000000e+00,1.000000000000000000e+00,0.000000000000000000e+00,8.982831900539167691e-08,9.999972581863403320e-01,2.631635425132117234e-06
0.000000000000000000e+00,1.000000000000000000e+00,0.000000000000000000e+00,7.053753361105918884e-03,5.249195694923400879e-01,4.680266678333282471e-01
0.000000000000000000e+00,1.000000000000000000e+00,0.000000000000000000e+00,1.251665082691033604e-08,9.991107583045959473e-01,8.891856996342539787e-04
0.000000000000000000e+00,1.000000000000000000e+00,0.000000000000000000e+00,3.539741442182275932e-07,9.057177901268005371e-01,9.428178519010543823e-02
0.000000000000000000e+00,0.000000000000000000e+00,1.000000000000000000e+00,3.588534634377249510e-12,3.139396262716790786e-17,1.000000000000000000e+00
0.000000000000000000e+00,0.000000000000000000e+00,1.000000000000000000e+00,7.765094678369166559e-10,2.600835287012159824e-04,9.997399449348449707e-01
0.000000000000000000e+00,0.000000000000000000e+00,1.000000000000000000e+00,2.941593635341632762e-10,5.306502849980465619e-13,1.000000000000000000e+00
0.000000000000000000e+00,1.000000000000000000e+00,0.000000000000000000e+00,3.140282817184925079e-03,9.967043995857238770e-01,1.553501206217333674e-04
0.000000000000000000e+00,1.000000000000000000e+00,0.000000000000000000e+00,1.121997367590665817e-03,9.982644915580749512e-01,6.134795839898288250e-04
0.000000000000000000e+00,1.000000000000000000e+00,0.000000000000000000e+00,9.819320894166594371e-07,9.999927282333374023e-01,6.252361799852224067e-06
0.000000000000000000e+00,0.000000000000000000e+00,1.000000000000000000e+00,1.021311391014023684e-08,9.458767175674438477e-01,5.412330850958824158e-02
1.000000000000000000e+00,0.000000000000000000e+00,0.000000000000000000e+00,9.997665286064147949e-01,1.728928036754950881e-04,6.054539699107408524e-05
1.000000000000000000e+00,0.000000000000000000e+00,0.000000000000000000e+00,9.046781063079833984e-01,7.688233745284378529e-05,9.524494409561157227e-02
0.000000000000000000e+00,0.000000000000000000e+00,1.000000000000000000e+00,1.328900907537899911e-06,5.235072535469953436e-07,9.999982118606567383e-01
0.000000000000000000e+00,0.000000000000000000e+00,1.000000000000000000e+00,7.178289524745196104e-05,2.152855843305587769e-01,7.846426367759704590e-01
1.000000000000000000e+00,0.000000000000000000e+00,0.000000000000000000e+00,9.999985694885253906e-01,3.434506012922611262e-09,1.372385781905904878e-06
0.000000000000000000e+00,1.000000000000000000e+00,0.000000000000000000e+00,4.044028173666447401e-05,9.963410496711730957e-01,3.618523944169282913e-03
0.000000000000000000e+00,1.000000000000000000e+00,0.000000000000000000e+00,1.343873796966210676e-12,9.999996423721313477e-01,3.940198212148970924e-07
0.000000000000000000e+00,0.000000000000000000e+00,1.000000000000000000e+00,2.152534678279138802e-10,7.471984142526366668e-10,1.000000000000000000e+00
0.000000000000000000e+00,1.000000000000000000e+00,0.000000000000000000e+00,1.928377102444756019e-08,9.999903440475463867e-01,9.618705917091574520e-06
0.000000000000000000e+00,1.000000000000000000e+00,0.000000000000000000e+00,4.224906202665579258e-09,9.997823834419250488e-01,2.175798726966604590e-04
0.000000000000000000e+00,1.000000000000000000e+00,0.000000000000000000e+00,4.840979284104207636e-10,9.999946355819702148e-01,5.312077519192826003e-06
0.000000000000000000e+00,0.000000000000000000e+00,1.000000000000000000e+00,5.820086244057165459e-07,5.573421546500867407e-08,9.999994039535522461e-01
0.000000000000000000e+00,1.000000000000000000e+00,0.000000000000000000e+00,1.636433603370828632e-14,9.999994039535522461e-01,6.050576075722347014e-07
0.000000000000000000e+00,1.000000000000000000e+00,0.000000000000000000e+00,1.040808772501122803e-08,9.999955892562866211e-01,4.367479959910269827e-06
0.000000000000000000e+00,0.000000000000000000e+00,1.000000000000000000e+00,8.936427292605131356e-11,9.999997615814208984e-01,2.545055792779749027e-07
1.000000000000000000e+00,0.000000000000000000e+00,0.000000000000000000e+00,1.000000000000000000e+00,3.017525118664821093e-11,2.952404321021617761e-09
1.000000000000000000e+00,0.000000000000000000e+00,0.000000000000000000e+00,9.984167814254760742e-01,5.610133030131692067e-06,1.577573246322572231e-03
0.000000000000000000e+00,0.000000000000000000e+00,1.000000000000000000e+00,9.989535243448699475e-08,1.336825073382230666e-13,9.999998807907104492e-01
0.000000000000000000e+00,1.000000000000000000e+00,0.000000000000000000e+00,5.631219223141670227e-02,9.435296654701232910e-01,1.581097458256408572e-04
1.000000000000000000e+00,0.000000000000000000e+00,0.000000000000000000e+00,9.998458623886108398e-01,5.056619556853547692e-06,1.491028087912127376e-04
0.000000000000000000e+00,1.000000000000000000e+00,0.000000000000000000e+00,1.108334118926634915e-10,9.999998807907104492e-01,9.971831360644500819e-08
0.000000000000000000e+00,1.000000000000000000e+00,0.000000000000000000e+00,3.325774571294459747e-07,9.994530081748962402e-01,5.466138245537877083e-04
1.000000000000000000e+00,0.000000000000000000e+00,0.000000000000000000e+00,9.999542236328125000e-01,3.720973109011538327e-05,8.558898116461932659e-06
0.000000000000000000e+00,1.000000000000000000e+00,0.000000000000000000e+00,7.005298539297655225e-05,2.168388068675994873e-01,7.830911874771118164e-01
0.000000000000000000e+00,0.000000000000000000e+00,1.000000000000000000e+00,1.476247319942558534e-07,9.927873015403747559e-01,7.212565746158361435e-03
0.000000000000000000e+00,0.000000000000000000e+00,1.000000000000000000e+00,2.471351181156933308e-04,4.582000151276588440e-02,9.539328813552856445e-01
0.000000000000000000e+00,1.000000000000000000e+00,0.000000000000000000e+00,1.533790236862841994e-05,9.998165965080261230e-01,1.680502755334600806e-04
1.000000000000000000e+00,0.000000000000000000e+00,0.000000000000000000e+00,9.999998807907104492e-01,6.453186784938225173e-08,3.584143115631377441e-08
1.000000000000000000e+00,0.000000000000000000e+00,0.000000000000000000e+00,2.408024854958057404e-03,8.545514901925344020e-06,9.975833892822265625e-01
0.000000000000000000e+00,1.000000000000000000e+00,0.000000000000000000e+00,8.332189105342280300e-12,9.999998807907104492e-01,1.276595895660648239e-07
0.000000000000000000e+00,0.000000000000000000e+00,1.000000000000000000e+00,8.687790398198558250e-08,3.037209389731287956e-03,9.969626069068908691e-01
0.000000000000000000e+00,1.000000000000000000e+00,0.000000000000000000e+00,2.423476697099857802e-10,9.999905824661254883e-01,9.407780453329905868e-06
0.000000000000000000e+00,1.000000000000000000e+00,0.000000000000000000e+00,4.146689207118470222e-06,9.998279809951782227e-01,1.677849359111860394e-04
0.000000000000000000e+00,1.000000000000000000e+00,0.000000000000000000e+00,4.335599020123481750e-02,9.557948708534240723e-01,8.491238695569336414e-04
1.000000000000000000e+00,0.000000000000000000e+00,0.000000000000000000e+00,2.566662151366472244e-03,9.968035221099853516e-01,6.297955405898392200e-04
0.000000000000000000e+00,1.000000000000000000e+00,0.000000000000000000e+00,4.151798407292517368e-07,9.999992847442626953e-01,3.323317230297107017e-07
0.000000000000000000e+00,0.000000000000000000e+00,1.000000000000000000e+00,5.351670097297756001e-06,4.548522156255785376e-06,9.999901056289672852e-01
0.000000000000000000e+00,1.000000000000000000e+00,0.000000000000000000e+00,9.472078676964201804e-10,9.999861717224121094e-01,1.386476833431515843e-05
1.000000000000000000e+00,0.000000000000000000e+00,0.000000000000000000e+00,9.999977350234985352e-01,8.986932442667239229e-08,2.199112714151851833e-06
0.000000000000000000e+00,1.000000000000000000e+00,0.000000000000000000e+00,1.386554759896796440e-09,9.999185800552368164e-01,8.141010039253160357e-05
0.000000000000000000e+00,1.000000000000000000e+00,0.000000000000000000e+00,9.785505426407326013e-06,9.999157190322875977e-01,7.452507998095825315e-05
0.000000000000000000e+00,1.000000000000000000e+00,0.000000000000000000e+00,1.649087071418762207e-01,8.108235001564025879e-01,2.426779642701148987e-02
0.000000000000000000e+00,0.000000000000000000e+00,1.000000000000000000e+00,5.999647356702553225e-08,1.648957004363182932e-05,9.999834299087524414e-01
0.000000000000000000e+00,1.000000000000000000e+00,0.000000000000000000e+00,1.980806558776748716e-07,9.999768733978271484e-01,2.289706390001811087e-05
0.000000000000000000e+00,0.000000000000000000e+00,1.000000000000000000e+00,4.401867045089602470e-05,1.076439977623522282e-03,9.988794922828674316e-01
0.000000000000000000e+00,0.000000000000000000e+00,1.000000000000000000e+00,5.184606077790476775e-09,3.861110599245876074e-06,9.999961853027343750e-01
0.000000000000000000e+00,1.000000000000000000e+00,0.000000000000000000e+00,4.937230073664977681e-07,9.988462924957275391e-01,1.153175486251711845e-03
1.000000000000000000e+00,0.000000000000000000e+00,0.000000000000000000e+00,1.000000000000000000e+00,4.808238696085709307e-09,3.716374430418056818e-10
0.000000000000000000e+00,0.000000000000000000e+00,1.000000000000000000e+00,1.165490592924811608e-09,7.935814494430815103e-08,9.999998807907104492e-01
0.000000000000000000e+00,1.000000000000000000e+00,0.000000000000000000e+00,2.361001616435487449e-09,9.999997615814208984e-01,2.385479263011802686e-07
1.000000000000000000e+00,0.000000000000000000e+00,0.000000000000000000e+00,9.999980926513671875e-01,1.595122057551634498e-06,3.945941955407761270e-07
0.000000000000000000e+00,1.000000000000000000e+00,0.000000000000000000e+00,1.496396073719097330e-08,9.999989271163940430e-01,1.104940338336746208e-06
0.000000000000000000e+00,0.000000000000000000e+00,1.000000000000000000e+00,1.005644563178975659e-07,7.552694635069162610e-14,9.999998807907104492e-01
0.000000000000000000e+00,1.000000000000000000e+00,0.000000000000000000e+00,7.659868117571022594e-08,9.920055270195007324e-01,7.994382642209529877e-03
0.000000000000000000e+00,0.000000000000000000e+00,1.000000000000000000e+00,2.643599407747387886e-03,8.057918421400245279e-06,9.973483085632324219e-01
0.000000000000000000e+00,0.000000000000000000e+00,1.000000000000000000e+00,2.088757173623889685e-05,2.130746394395828247e-01,7.869045138359069824e-01
0.000000000000000000e+00,1.000000000000000000e+00,0.000000000000000000e+00,8.426140084338840097e-06,9.980611205101013184e-01,1.930389553308486938e-03
0.000000000000000000e+00,0.000000000000000000e+00,1.000000000000000000e+00,5.643401745913934064e-09,1.655807491118821417e-09,1.000000000000000000e+00
0.000000000000000000e+00,1.000000000000000000e+00,0.000000000000000000e+00,2.706211477132569598e-09,9.999773502349853516e-01,2.267806485178880394e-05
0.000000000000000000e+00,1.000000000000000000e+00,0.000000000000000000e+00,1.711407816677723570e-12,9.999841451644897461e-01,1.589360726939048618e-05
0.000000000000000000e+00,0.000000000000000000e+00,1.000000000000000000e+00,9.045082391412329059e-12,4.975344381819013506e-06,9.999949932098388672e-01
1.000000000000000000e+00,0.000000000000000000e+00,0.000000000000000000e+00,7.955170273780822754e-01,5.545474414248019457e-05,2.044274508953094482e-01
0.000000000000000000e+00,1.000000000000000000e+00,0.000000000000000000e+00,9.133698767982423306e-05,9.962714910507202148e-01,3.637213027104735374e-03
0.000000000000000000e+00,0.000000000000000000e+00,1.000000000000000000e+00,3.882150631397962570e-04,8.379273594982805662e-07,9.996109604835510254e-01
0.000000000000000000e+00,1.000000000000000000e+00,0.000000000000000000e+00,7.992310884219477884e-07,7.315323501825332642e-02,9.268460273742675781e-01
0.000000000000000000e+00,1.000000000000000000e+00,0.000000000000000000e+00,8.446637988090515137e-01,1.370911896228790283e-01,1.824498921632766724e-02
0.000000000000000000e+00,1.000000000000000000e+00,0.000000000000000000e+00,9.642441706203541685e-11,9.999903440475463867e-01,9.638531082600820810e-06
0.000000000000000000e+00,1.000000000000000000e+00,0.000000000000000000e+00,1.717705163173377514e-05,9.987951517105102539e-01,1.187699497677385807e-03
1.000000000000000000e+00,0.000000000000000000e+00,0.000000000000000000e+00,1.000000000000000000e+00,1.444830743935199280e-08,1.728292886582494248e-08
1.000000000000000000e+00,0.000000000000000000e+00,0.000000000000000000e+00,9.999921321868896484e-01,6.905112513777567074e-06,9.723742095957277343e-07
1.000000000000000000e+00,0.000000000000000000e+00,0.000000000000000000e+00,9.999557733535766602e-01,4.371504473965615034e-05,4.352576183919154573e-07
0.000000000000000000e+00,1.000000000000000000e+00,0.000000000000000000e+00,1.319088394069467540e-08,9.999884366989135742e-01,1.158993291028309613e-05
0.000000000000000000e+00,0.000000000000000000e+00,1.000000000000000000e+00,8.269011974334716797e-02,1.127778366208076477e-01,8.045320510864257812e-01
0.000000000000000000e+00,0.000000000000000000e+00,1.000000000000000000e+00,5.533913949307134317e-08,4.433501898937208807e-10,1.000000000000000000e+00
1.000000000000000000e+00,0.000000000000000000e+00,0.000000000000000000e+00,3.652440905570983887e-01,7.590334117412567139e-02,5.588526129722595215e-01
0.000000000000000000e+00,1.000000000000000000e+00,0.000000000000000000e+00,2.874919857731583761e-07,9.999895095825195312e-01,1.016832538880407810e-05
1.000000000000000000e+00,0.000000000000000000e+00,0.000000000000000000e+00,9.999932050704956055e-01,6.852252226963173598e-06,3.387226144013766316e-08
0.000000000000000000e+00,1.000000000000000000e+00,0.000000000000000000e+00,5.310385117751614814e-11,9.999960660934448242e-01,3.899744569935137406e-06
0.000000000000000000e+00,0.000000000000000000e+00,1.000000000000000000e+00,6.390318674220907269e-08,5.102491923025809228e-05,9.999488592147827148e-01
1.000000000000000000e+00,0.000000000000000000e+00,0.000000000000000000e+00,1.708201020956039429e-01,8.095051646232604980e-01,1.967475935816764832e-02
1.000000000000000000e+00,0.000000000000000000e+00,0.000000000000000000e+00,9.999266862869262695e-01,1.121412606153171510e-05,6.215545727172866464e-05
0.000000000000000000e+00,0.000000000000000000e+00,1.000000000000000000e+00,4.748521931219329417e-08,9.761131423147162423e-07,9.999990463256835938e-01
0.000000000000000000e+00,0.000000000000000000e+00,1.000000000000000000e+00,1.473878938895722968e-07,1.962526002898812294e-04,9.998036026954650879e-01
0.000000000000000000e+00,1.000000000000000000e+00,0.000000000000000000e+00,1.861939722402894404e-06,9.999196529388427734e-01,7.842181366868317127e-05
0.000000000000000000e+00,0.000000000000000000e+00,1.000000000000000000e+00,5.767376265453094675e-08,2.604660039651207626e-06,9.999973773956298828e-01
0.000000000000000000e+00,1.000000000000000000e+00,0.000000000000000000e+00,4.732714151032269001e-04,9.995212554931640625e-01,5.522973424376687035e-06
0.000000000000000000e+00,1.000000000000000000e+00,0.000000000000000000e+00,2.396464415799215431e-10,9.999990463256835938e-01,9.915764849210972898e-07
1.000000000000000000e+00,0.000000000000000000e+00,0.000000000000000000e+00,1.000000000000000000e+00,4.865751801474971217e-09,2.466689741353889076e-09
0.000000000000000000e+00,1.000000000000000000e+00,0.000000000000000000e+00,1.897175759077072144e-01,8.102512955665588379e-01,3.113672210020013154e-05
0.000000000000000000e+00,1.000000000000000000e+00,0.000000000000000000e+00,9.321580000687390566e-05,9.998365640640258789e-01,7.022180943749845028e-05
0.000000000000000000e+00,0.000000000000000000e+00,1.000000000000000000e+00,1.181719835585681722e-05,1.341163297183811665e-03,9.986470341682434082e-01
0.000000000000000000e+00,0.000000000000000000e+00,1.000000000000000000e+00,2.075070142382173799e-07,1.154203899204730988e-03,9.988455772399902344e-01
0.000000000000000000e+00,0.000000000000000000e+00,1.000000000000000000e+00,2.406328007964475546e-07,3.382192062417743728e-06,9.999964237213134766e-01
0.000000000000000000e+00,1.000000000000000000e+00,0.000000000000000000e+00,7.081491393279293334e-09,9.999963045120239258e-01,3.709923248607083224e-06
0.000000000000000000e+00,1.000000000000000000e+00,0.000000000000000000e+00,8.908497193260700442e-07,9.999040365219116211e-01,9.509510709904134274e-05
0.000000000000000000e+00,1.000000000000000000e+00,0.000000000000000000e+00,1.165562480309745297e-06,9.999952316284179688e-01,3.545256504366989248e-06
0.000000000000000000e+00,1.000000000000000000e+00,0.000000000000000000e+00,1.148219689639518037e-05,9.999667406082153320e-01,2.172340282413642853e-05
0.000000000000000000e+00,1.000000000000000000e+00,0.000000000000000000e+00,1.312302622125116613e-08,9.999997615814208984e-01,1.895790830985788489e-07
0.000000000000000000e+00,0.000000000000000000e+00,1.000000000000000000e+00,3.870772161462809891e-06,1.572106182575225830e-01,8.427854776382446289e-01
0.000000000000000000e+00,0.000000000000000000e+00,1.000000000000000000e+00,1.282630705645715352e-06,8.526145393261685967e-06,9.999901056289672852e-01
0.000000000000000000e+00,1.000000000000000000e+00,0.000000000000000000e+00,9.998564720153808594e-01,1.304526231251657009e-04,1.312926451646490023e-05
0.000000000000000000e+00,0.000000000000000000e+00,1.000000000000000000e+00,5.070836778031662107e-06,9.537039995193481445e-01,4.629095643758773804e-02
0.000000000000000000e+00,1.000000000000000000e+00,0.000000000000000000e+00,1.500433199908002280e-06,9.999512434005737305e-01,4.724097016151063144e-05
0.000000000000000000e+00,1.000000000000000000e+00,0.000000000000000000e+00,4.121622154684700945e-08,8.995873332023620605e-01,1.004125848412513733e-01
0.000000000000000000e+00,0.000000000000000000e+00,1.000000000000000000e+00,3.930604819402105932e-08,9.997940659523010254e-01,2.059651742456480861e-04
0.000000000000000000e+00,1.000000000000000000e+00,0.000000000000000000e+00,7.850269412301713601e-07,9.520158767700195312e-01,4.798332601785659790e-02
0.000000000000000000e+00,1.000000000000000000e+00,0.000000000000000000e+00,1.046840989147312939e-04,9.979971051216125488e-01,1.898178947158157825e-03
1.000000000000000000e+00,0.000000000000000000e+00,0.000000000000000000e+00,9.996850490570068359e-01,2.129723952748463489e-08,3.149636031594127417e-04
0.000000000000000000e+00,0.000000000000000000e+00,1.000000000000000000e+00,1.180437436687498121e-08,1.646394666749984026e-04,9.998353719711303711e-01
0.000000000000000000e+00,0.000000000000000000e+00,1.000000000000000000e+00,8.626508116722106934e-01,1.162764034233987331e-03,1.361864060163497925e-01
0.000000000000000000e+00,0.000000000000000000e+00,1.000000000000000000e+00,1.470520364819094539e-04,2.661249134689569473e-03,9.971917271614074707e-01
0.000000000000000000e+00,1.000000000000000000e+00,0.000000000000000000e+00,3.891601707550762512e-09,9.999843835830688477e-01,1.561507997394073755e-05
0.000000000000000000e+00,0.000000000000000000e+00,1.000000000000000000e+00,1.613506270814468735e-07,7.048974111967254430e-06,9.999928474426269531e-01
1.000000000000000000e+00,0.000000000000000000e+00,0.000000000000000000e+00,9.238670021295547485e-02,2.668275730684399605e-03,9.049450159072875977e-01
0.000000000000000000e+00,0.000000000000000000e+00,1.000000000000000000e+00,1.132477778220675191e-09,2.729345860430498760e-09,1.000000000000000000e+00
1.000000000000000000e+00,0.000000000000000000e+00,0.000000000000000000e+00,9.987562894821166992e-01,2.935679913207422942e-05,1.214274787344038486e-03
1.000000000000000000e+00,0.000000000000000000e+00,0.000000000000000000e+00,1.000000000000000000e+00,2.338646609700845147e-09,2.523860009873146737e-10
0.000000000000000000e+00,1.000000000000000000e+00,0.000000000000000000e+00,1.297407317906618118e-03,9.982836246490478516e-01,4.190277250017970800e-04
1.000000000000000000e+00,0.000000000000000000e+00,0.000000000000000000e+00,9.999997615814208984e-01,1.936396358814818086e-07,4.631771588492483716e-08
0.000000000000000000e+00,1.000000000000000000e+00,0.000000000000000000e+00,3.985843193277105456e-07,9.999971389770507812e-01,2.514047309887246229e-06
0.000000000000000000e+00,1.000000000000000000e+00,0.000000000000000000e+00,4.776519517690758221e-07,9.999988079071044922e-01,7.064975875437085051e-07
0.000000000000000000e+00,0.000000000000000000e+00,1.000000000000000000e+00,1.781055630090122577e-06,4.733517765998840332e-03,9.952646493911743164e-01
1.000000000000000000e+00,0.000000000000000000e+00,0.000000000000000000e+00,9.330332279205322266e-01,3.825597332252073102e-07,6.696641445159912109e-02
0.000000000000000000e+00,0.000000000000000000e+00,1.000000000000000000e+00,9.480765505998078879e-09,9.377447962760925293e-01,6.225521862506866455e-02
0.000000000000000000e+00,1.000000000000000000e+00,0.000000000000000000e+00,5.387320925365202129e-06,9.997976422309875488e-01,1.970018638530746102e-04
0.000000000000000000e+00,0.000000000000000000e+00,1.000000000000000000e+00,1.504459490320186887e-08,3.632296503505716423e-12,1.000000000000000000e+00
1.000000000000000000e+00,0.000000000000000000e+00,0.000000000000000000e+00,1.000000000000000000e+00,8.377715410290420550e-09,5.876809039406794000e-10
0.000000000000000000e+00,1.000000000000000000e+00,0.000000000000000000e+00,4.180343466941849329e-07,9.999970197677612305e-01,2.614943241496803239e-06
1.000000000000000000e+00,0.000000000000000000e+00,0.000000000000000000e+00,2.698751091957092285e-01,5.380134098231792450e-04,7.295868992805480957e-01
0.000000000000000000e+00,1.000000000000000000e+00,0.000000000000000000e+00,2.057105884887278080e-04,4.554905295372009277e-01,5.443038344383239746e-01
0.000000000000000000e+00,1.000000000000000000e+00,0.000000000000000000e+00,2.341524130144989613e-08,9.999951124191284180e-01,4.820964022655971348e-06
0.000000000000000000e+00,0.000000000000000000e+00,1.000000000000000000e+00,8.984183068605489098e-07,9.999334812164306641e-01,6.557242159033194184e-05
0.000000000000000000e+00,0.000000000000000000e+00,1.000000000000000000e+00,4.216122988509596325e-07,3.433769046878865083e-09,9.999995231628417969e-01
0.000000000000000000e+00,1.000000000000000000e+00,0.000000000000000000e+00,1.227243107138065170e-08,9.999995231628417969e-01,4.198696785806532716e-07
0.000000000000000000e+00,0.000000000000000000e+00,1.000000000000000000e+00,9.997983574867248535e-01,7.009739316776730789e-11,2.016156940953806043e-04
1.000000000000000000e+00,0.000000000000000000e+00,0.000000000000000000e+00,9.999457597732543945e-01,5.650549610436428338e-07,5.370033977669663727e-05
0.000000000000000000e+00,1.000000000000000000e+00,0.000000000000000000e+00,4.286230658595568954e-12,1.000000000000000000e+00,1.762271883976040954e-09
1.000000000000000000e+00,0.000000000000000000e+00,0.000000000000000000e+00,9.999995231628417969e-01,3.293659176506480435e-07,1.665164148789699539e-07
0.000000000000000000e+00,1.000000000000000000e+00,0.000000000000000000e+00,1.894441084004938602e-05,9.900692105293273926e-01,9.911778382956981659e-03
1.000000000000000000e+00,0.000000000000000000e+00,0.000000000000000000e+00,1.000000000000000000e+00,4.133345332668625360e-10,6.898333033272807668e-12
1.000000000000000000e+00,0.000000000000000000e+00,0.000000000000000000e+00,9.481316208839416504e-01,5.372004352466319688e-07,5.186783149838447571e-02
1.000000000000000000e+00,0.000000000000000000e+00,0.000000000000000000e+00,9.996674060821533203e-01,9.406166100234258920e-06,3.232432645745575428e-04
0.000000000000000000e+00,1.000000000000000000e+00,0.000000000000000000e+00,1.604456656423280947e-08,9.999994039535522461e-01,6.049854732737003360e-07
0.000000000000000000e+00,1.000000000000000000e+00,0.000000000000000000e+00,5.372016429901123047e-01,2.433600425720214844e-01,2.194383144378662109e-01
1.000000000000000000e+00,0.000000000000000000e+00,0.000000000000000000e+00,9.999976158142089844e-01,1.232215107727085979e-09,2.413431275272159837e-06
0.000000000000000000e+00,0.000000000000000000e+00,1.000000000000000000e+00,8.815579349175095558e-05,1.582670398056507111e-02,9.840852022171020508e-01
0.000000000000000000e+00,1.000000000000000000e+00,0.000000000000000000e+00,1.629385053547593998e-07,9.999850988388061523e-01,1.477603564126184210e-05
0.000000000000000000e+00,1.000000000000000000e+00,0.000000000000000000e+00,2.819705059664556757e-06,9.921762347221374512e-01,7.820931263267993927e-03
1.000000000000000000e+00,0.000000000000000000e+00,0.000000000000000000e+00,9.999278783798217773e-01,7.429751349263824522e-06,6.475269037764519453e-05
0.000000000000000000e+00,1.000000000000000000e+00,0.000000000000000000e+00,2.400599941054792907e-09,9.999431371688842773e-01,5.689077079296112061e-05
1.000000000000000000e+00,0.000000000000000000e+00,0.000000000000000000e+00,9.999959468841552734e-01,3.775856157517409883e-06,1.891043552859628107e-07
0.000000000000000000e+00,0.000000000000000000e+00,1.000000000000000000e+00,7.499329512938857079e-08,9.999175071716308594e-01,8.245610661106184125e-05
1.000000000000000000e+00,0.000000000000000000e+00,0.000000000000000000e+00,9.999555349349975586e-01,2.207295679568233027e-08,4.446013917913660407e-05
0.000000000000000000e+00,1.000000000000000000e+00,0.000000000000000000e+00,4.207520443166856694e-10,9.999965429306030273e-01,3.503229436319088563e-06
0.000000000000000000e+00,1.000000000000000000e+00,0.000000000000000000e+00,4.126675889892794657e-08,9.999710321426391602e-01,2.887726805056445301e-05
0.000000000000000000e+00,0.000000000000000000e+00,1.000000000000000000e+00,7.154811854093168222e-09,1.859500480350106955e-04,9.998140931129455566e-01
1.000000000000000000e+00,0.000000000000000000e+00,0.000000000000000000e+00,1.094586960971355438e-02,1.062294840812683105e-01,8.828245997428894043e-01
0.000000000000000000e+00,0.000000000000000000e+00,1.000000000000000000e+00,5.081333074485883117e-05,9.289375739172101021e-04,9.990202188491821289e-01
0.000000000000000000e+00,1.000000000000000000e+00,0.000000000000000000e+00,8.686658740043640137e-02,8.586122989654541016e-01,5.452115461230278015e-02
